case,family,span_index,calculated_kN,report_kN,difference_percent,safety_factor,required_factor
P1,bottom,1,11482.110004225166,11466.0,0.14050239163758693,3.316463610432873,3.2
P1,bottom,2,11027.9590722725,11005.0,0.2086240097455727,3.4530414694541447,3.2
P1,bottom,3,10944.124251559724,10928.0,0.1475498861614577,3.479492659686585,3.2
P1,bottom,4,10352.255458805615,10338.0,0.1378937783479861,3.678425455354195,3.2
P1,portal,1,3557.971502385455,3554.0,0.1117473940758229,4.013522871227586,3.2
P1,portal,2,3358.8794805403277,3348.0,0.32495461589987507,4.251417796539351,3.2
P1,portal,3,3385.5356726902783,3381.0,0.1341518098278094,4.21794403620995,3.2
P1,portal,4,3238.3372549676837,3233.0,0.16508676052222615,4.409670419007209,3.2
P2,bottom,1,12418.735660651879,12317.0,0.8259775972386141,3.066334693044036,2.7
P2,bottom,2,12623.998754542772,12624.0,-9.865789196705776e-06,3.016476850197473,2.7
P2,bottom,3,11888.789142545356,11803.0,0.7268418414416278,3.2030175271362564,2.7
P2,bottom,4,11194.876027737311,11140.0,0.49260348058628445,3.40155620353901,2.7
P2,portal,1,3815.1759507255388,3856.0,-1.0587149708107146,3.7429466384857943,2.7
P2,portal,2,4003.219704036029,3962.0,1.0403761745590323,3.56712872531152,2.7
P2,portal,3,3655.778113671626,3688.0,-0.8736953993593755,3.906145164170835,2.7
P2,portal,4,3551.139250692443,3514.0,1.056893872864051,4.0212447307481725,2.7
P3,bottom,1,12635.990965269071,12572.0,0.5089959057355431,3.013614057232679,2.7
P3,bottom,2,12669.486635349645,12657.0,0.09865398869910447,3.0056466450464896,2.7
P3,bottom,3,12102.059437819707,12047.0,0.45703858072305703,3.1465718868474215,2.7
P3,bottom,4,11422.115290604626,11378.0,0.38772447358610407,3.33388335095191,2.7
P3,portal,1,3941.8820823723004,3963.0,-0.5328770534367755,3.622635000640613,2.7
P3,portal,2,4014.1865283136685,3974.0,1.011236243423963,3.5573832703780526,2.7
P3,portal,3,3774.1463013528637,3788.0,-0.3657259410542846,3.7836371088426684,2.7
P3,portal,4,3649.357932322156,3613.0,1.0063086720773828,3.913017101864098,2.7
P4,bottom,1,12485.669811821343,12380.0,0.8535525995261972,3.049896447201105,2.7
P4,bottom,2,12737.855898772495,12741.0,-0.024677036555253995,2.989514114668988,2.7
P4,bottom,3,11956.127747098219,11869.0,0.7340782466780604,3.1849776788510904,2.7
P4,bottom,4,11254.723195949146,11200.0,0.4885999638316596,3.3834683747447416,2.7
P4,portal,1,3835.3411302795703,3879.0,-1.1255186831768405,3.723267244016723,2.7
P4,portal,2,4048.9535568996316,4007.0,1.0470066608343265,3.526837193690731,2.7
P4,portal,3,3676.644727398272,3710.0,-0.8990639515290555,3.883976032164807,2.7
P4,portal,4,3573.2854330520095,3535.0,1.0830391245264304,3.9963222271340317,2.7
P5,bottom,1,11947.265900749688,11892.0,0.4647317587427535,3.1873401258785483,2.5
P5,bottom,2,11813.179417269492,11802.0,0.09472476927208096,3.223518297227542,2.5
P5,bottom,3,11414.536880600213,11368.0,0.40936735221863696,3.3360968034296308,2.5
P5,bottom,4,10772.577241325364,10741.0,0.29398790918315765,3.53490155112733,2.5
P5,portal,1,3680.214026328869,3705.0,-0.6689871436202699,3.8802091122522993,2.5
P5,portal,2,3675.6898467917417,3650.0,0.703831418951828,3.88498502191746,2.5
P5,portal,3,3516.2274078216797,3534.0,-0.5029030044799154,4.061170778725751,2.5
P5,portal,4,3393.603421451433,3374.0,0.5810142694556264,4.2079165496280915,2.5
P6,bottom,1,12924.07815747157,12906.0,0.14007560414976972,2.9464383870183792,2.7
P6,bottom,2,12728.122039809989,12700.0,0.2214333843306271,2.9918003520783714,2.7
P6,bottom,3,12385.282900400818,12365.0,0.16403477881776762,3.074616890565143,2.7
P6,bottom,4,11721.84764270512,11689.0,0.2810132834726531,3.2486346146717238,2.7
P6,portal,1,4117.982247885616,4102.0,0.3896208650808308,3.4677177171737656,2.7
P6,portal,2,4027.8984010046333,3989.0,0.9751416646937461,3.545273137087644,2.7
P6,portal,3,3935.177111164669,3919.0,0.41278670999409517,3.628807445409653,2.7
P6,portal,4,3778.335718188253,3743.0,0.9440480413639651,3.7794418138278596,2.7
